{"x": [1.7233096151252982, 1.9100490736214788, 1.0537437913949532, 1.5914154189103553, 1.3567889411199918, 1.4513142873092897, -0.3002248293705443, 2.7993936183306776, 1.8994912553691916, 1.420025022190011, 0.8023140038834188, 2.118723567784688, 0.7826066698425189, 1.8484580310530043, 2.4198128025216463, 2.233450720020079, 1.009528689738079, 2.6446573070127033, 1.8536790479462881, 2.143980592559754, 1.408488177976248, 1.1328039293719456, 1.6486943804106509, 2.060517531793288, 2.624967863704528, 1.6198689468419372, 0.5323772047314387, 3.0167385346730704, 0.34987239852153196, 2.288098741298108, 0.9621789643771677, 0.12313498323398875, 1.7381064745923962, 0.9246606526497161, 1.7190372975449024, 2.1111473905402987, 0.7214439876706683, 0.9991493371972181, 1.6016183392412568, 0.5285367979496572, 1.1982016949192078, 0.1693211547675193, 2.2564383420216525, 1.4726926010411998, 1.742659685725724, 1.5198912106776068, 2.996842869961005, 0.45199359601294875, 1.048291864126934, 1.468705818875798, 0.7208675097620585, 2.1594050104713083, 1.2401683479498558], "y": [4.201208195565489, 3.8151483875101846, 4.492868587249477, 4.904977251840595, 4.364624835694804, 4.228108723299541, 4.63059662516857, 1.8456082479532285, 0.9257463310528096, 1.3823620140169424, 4.38196181200038, 1.0986583416602878, 4.152635952160722, 0.523936254217558, 0.9621551153166422, 1.2509502440339109, 4.455023276318281, 0.8077012420317614, 1.5088861951291506, 0.6967731918338059, 3.932704817245169, 3.8767394577975276, 0.034522358772098416, 1.7905989068908545, 0.28025074976111053, 0.6082388275557291, 3.3133890933364265, 1.637921055655149, 4.692532505364345, 0.12954181679932497, 4.517953262713599, 5.279175025064285, 0.7162930769443678, 4.509086578417576, 0.7178870791676661, 3.5766044901490077, 4.084750176642797, 4.210195402435473, 0.9236363578360063, 4.497238576378021, 4.470624491135523, 4.197417187341405, 0.5552586144677802, 1.3480769034150304, 5.038466712398533, 1.4248895234035053, 0.22378412936671366, 3.5937783588589025, 5.030924080929878, 1.8694742527625832, 3.7134712353871837, 1.385983178179793, 1.129054787700824], "t": [0, 0, 0, 0, 0, 0, 0, 1, 1, 1, 0, 1, 0, 1, 1, 1, 0, 1, 1, 1, 0, 0, 1, 1, 1, 1, 0, 1, 0, 1, 0, 0, 1, 0, 1, 0, 0, 0, 1, 0, 0, 0, 1, 1, 0, 1, 1, 0, 0, 1, 0, 1, 1]}