{"x": [-1.9575168557492566, -0.9412160895731101, 1.048291864126934, -1.0502524184153277, 1.1328039293719456, -2.0622803239771765, 1.7190372975449024, 2.4198128025216463, 1.8994912553691916, 0.7826066698425189, -0.7827779163241055, 1.3567889411199918, -1.465832550606969, -1.9062094800019107, -1.6332138119688084, -1.2940727933566754, 1.742659685725724, -0.5931245330086204, 1.7233096151252982, 1.0537437913949532, -1.4634479668700955, 1.2483185976539022, -0.05668338731417921, 0.8023140038834188, -2.113465715778985, -0.9121083962399326, 1.6198689468419372, -1.0600430091683355, -1.4227665241834753, 2.0411764072635505, 1.5914154189103553, 2.2564383420216525, -1.6609056986975956, -2.1621465124647723, 2.1111473905402987, 1.1982016949192078, 2.088526132624462, -1.5661788139355908, -2.1094789336135835, 0.45199359601294875, -0.9599603664386798, 0.9246606526497161, -0.7746297908592763, -1.5854221050748383, -1.0991366876431223, -1.595539704611833, -0.565432999981713, 1.6486943804106509, 2.624967863704528, 1.7381064745923962, 0.9991493371972181, 1.6075342408360402, -0.5853286646937782, 1.2401683479498558, -1.7284924867084952, -1.733713503601779, 1.4288698414079148, -1.3487208146347045, 2.143980592559754, 1.800441430557051, 1.408488177976248, -0.3002248293705443, 0.12313498323398875, 1.6016183392412568, 1.7998649526484414, -1.1649190270598857, -0.93751422764208, -1.993884571098953, -1.521654002861495, 0.5323772047314387, -1.7046668874682296], "y": [3.8729147378826396, 8.296563351424858, 5.030924080929878, 7.288929261276341, 3.8767394577975276, 3.445108124798691, 0.7178870791676661, 0.9621551153166422, 0.9257463310528096, 4.152635952160722, 3.8658268493484145, 4.364624835694804, 8.760091879881266, 7.60466771323424, 8.105084611287502, 2.1497604181945107, 5.038466712398533, 3.3709045904708153, 4.201208195565489, 4.492868587249477, 3.1188769430554735, 0.7912935198309525, 8.307699759136801, 4.38196181200038, 3.889692854157769, 8.03919093376215, 0.6082388275557291, 7.285759620349497, 3.406201779574979, 1.1118295952031456, 4.904977251840595, 0.5552586144677802, 3.3191104592313203, 3.4025806154121283, 3.5766044901490077, 4.470624491135523, 1.0488996088078275, 8.173676663114843, 3.3682955048102166, 3.5937783588589025, 7.731310637852597, 4.509086578417576, 7.757954969096177, 7.851375294778769, 8.498652963985108, 7.7606427454777585, 3.658139657050335, 0.034522358772098416, 0.28025074976111053, 0.7162930769443678, 4.210195402435473, 1.0911149088675678, 2.2440027307618995, 1.129054787700824, 3.5291047965243365, 2.544154855612744, 1.2864088378538918, 3.271168845429097, 0.6967731918338059, 0.6786265091323437, 3.932704817245169, 4.63059662516857, 5.279175025064285, 0.9236363578360063, 0.3073475678767308, 8.152975734087647, 2.8279198434269475, 8.055155866273862, 3.8108175082860405, 3.3133890933364265, 8.393968159689521], "t": [2, 3, 0, 3, 0, 2, 1, 1, 1, 0, 2, 0, 3, 3, 3, 2, 0, 2, 0, 0, 2, 1, 3, 0, 2, 3, 1, 3, 2, 1, 0, 1, 2, 2, 0, 0, 1, 3, 2, 0, 3, 0, 3, 3, 3, 3, 2, 1, 1, 1, 0, 1, 2, 1, 2, 2, 1, 2, 1, 1, 0, 0, 0, 1, 1, 3, 2, 3, 2, 0, 3]}