{"x": [-1.5409951273912328, -1.0700725761589494, -0.6588659891663249, -1.863134237109881, 1.5309910388993315, -1.4040320408098366, 1.3567889411199918, 1.7233096151252982, -2.3420031867049276, 0.9246606526497161, -1.683654349337091, 1.1328039293719456, 2.670412861796738, 1.2021324261203716, -1.8440650600623871, -1.0154245548809202, 1.742659685725724, 1.2483185976539022, -1.1441182857077201, -1.9805531954135265, 1.1982016949192078, 1.6113746476178217, -1.438190942095029, 1.048291864126934, -1.9334771542441325, -0.5041296778483504, 2.132741234281336, -1.44984424823274, -1.782306582006342, 2.1111473905402987, 1.800441430557051, 0.9991493371972181, 1.8616041127289018, -1.4936454020303214, 1.408488177976248, 1.8813114467698016, -1.162358732133137, 1.6075342408360402, -0.3002248293705443, -1.8308306951378284, -0.957203670950255, -1.7836320855014214, -1.0470849541573757, 1.4288698414079148], "y": [3.1320481965983316, 8.188746599737568, 7.745497597735419, 2.7381056805628523, 0.18765469134844925, 7.863542686756467, 4.364624835694804, 4.201208195565489, 3.14927338909601, 4.509086578417576, 7.546035183259386, 3.8767394577975276, 1.4988535843301425, 1.8730513575538317, 2.7365116783395536, 7.067338172502982, 5.038466712398533, 0.7912935198309525, 8.323779533883451, 2.9438549592311922, 4.470624491135523, -0.09273457417402664, 2.716991793228992, 5.030924080929878, 2.054740960167284, 8.783404603656885, 1.0867449197390235, 8.446682550832808, 2.3275661692719165, 3.5766044901490077, 0.6786265091323437, 4.210195402435473, 0.7465122846502691, 3.0691182102030137, 3.932704817245169, 0.9758381444899269, 2.982373716711828, 1.0911149088675678, 4.63059662516857, 8.285873259118688, 2.3004693511562966, 8.362685879107163, 7.493054970171437, 1.2864088378538918], "t": [2, 3, 3, 2, 1, 3, 0, 0, 2, 0, 3, 0, 1, 1, 2, 3, 0, 1, 3, 2, 0, 1, 2, 0, 2, 3, 1, 3, 2, 0, 1, 0, 1, 2, 0, 1, 2, 1, 0, 3, 2, 3, 3, 1]}