{"x": [-0.6331104343822899, 2.487485620862631, -1.4494303003734472, 8.825521929423749, 2.078146780083601, -1.7725322572796967, 9.01842911914476, 3.1901448334266815, -1.9707968870369617, -1.7008600878849818, 8.466306286241611, -2.1013908700586565, -1.4419191834501264, 1.1328039293719456, 1.1982016949192078, 1.3567889411199918, 8.646857529995623, 0.7787726135158386, 1.048291864126934, 1.7233096151252982, -0.7605144060426766], "y": [8.4366499400338, 0.5265811497347159, 3.1069635211342095, -2.1377183745548143, 0.80407173492502, 7.125451047052106, -2.5502067742900385, 0.17048082263855446, 1.9274840272211593, 2.9960567458851126, -2.4375397635914298, 8.81084771325749, 7.684308640353926, 3.8767394577975276, 4.470624491135523, 4.364624835694804, -1.9424244455684905, 1.2244729576581173, 5.030924080929878, 4.201208195565489, 3.6525616462832655], "t": [3, 1, 2, 4, 1, 3, 4, 1, 2, 2, 4, 3, 3, 0, 0, 0, 4, 1, 0, 0, 2]}