{"x": [40.6468, 40.6861, 40.732, 40.7297, 40.6677, 40.7401, 40.705, 40.7423, 40.7545, 40.7153, 40.7479, 40.7193, 40.6677, 40.7566, 40.7645, 40.7611, 40.7293, 40.7364, 40.7078, 40.7501, 40.7261, 40.7502, 40.7409, 40.7257, 40.7227, 40.7186, 40.7823, 40.6862, 40.7449, 40.7568, 40.7509, 40.8861, 40.7484, 40.7675, 40.7724, 40.7163, 40.7462, 40.8044, 40.8206, 40.6754, 40.7213, 40.7546, 40.7459, 40.6903, 40.7327, 40.7401, 40.7202, 40.7485, 40.7437, 40.7245, 40.8, 40.7055, 40.7451, 40.7542, 40.7546, 40.7411, 40.7635, 40.7166, 40.7539, 40.7664, 40.7282, 40.7284, 40.8103, 40.7696, 40.7379, 40.7544, 40.768, 40.6848, 40.7519, 40.7193, 40.7585, 40.7466, 40.7644, 40.7665, 40.726, 40.7074, 40.684, 40.7499, 40.8074, 40.7471, 40.7479, 40.7245, 40.8095, 40.7555, 40.6762, 40.7351, 40.6975, 40.7418, 40.7211, 40.7231, 40.885999999999996, 40.7154, 40.7541, 40.7454, 40.711, 40.7487, 40.7507, 40.7711, 40.7247, 40.6873, 40.7641, 40.7432, 40.7436, 40.7641, 40.7505, 40.6794, 40.7251, 40.7712, 40.7565, 40.7134, 40.6464, 40.6335, 40.7286, 40.7231, 40.7199, 40.7356, 40.760999999999996, 40.7734, 40.6988, 40.7267, 40.7826, 40.7339, 40.7041, 40.7684, 40.759, 40.7324, 40.787, 40.7283, 40.7645, 40.7704, 40.7298, 40.7573, 40.7708, 40.7645, 40.7143, 40.7168, 40.7649, 40.721, 40.7726, 40.7716, 40.6825, 40.7485, 40.718, 40.7129, 40.7233, 40.7404, 40.745, 40.749, 40.6463, 40.6907, 40.7056, 40.7916, 40.7235, 40.7734, 40.7533, 40.7402, 40.7624, 40.9481, 40.6447, 40.6992, 40.8139, 40.7449, 40.7587, 40.7471, 40.7536, 40.7419, 40.69, 40.7256, 40.6953, 40.7816, 40.7641, 40.771, 40.6655, 40.7265, 40.7403, 40.7841, 40.7647, 40.7787, 40.7112, 40.7354, 40.7616, 40.7157, 40.7354, 40.7251, 40.7263, 40.764, 40.7548, 40.7844, 40.7535, 40.7136, 40.7034, 40.7626, 40.7456, 40.7285, 40.7711, 40.7193, 40.7205, 40.6583, 40.7202, 40.6811], "y": [-73.7896, -74.0021, -74.0066, -73.9916, -73.7866, -73.995, -74.0159, -74.0039, -73.992, -74.016, -74.0047, -73.9913, -73.9903, -73.9704, -73.9833, -73.9735, -73.9799, -73.9832, -74.0033, -73.9835, -74.0091, -73.9737, -73.9861, -74.0053, -73.9888, -74.0027, -73.9716, -74.0011, -73.977, -73.9722, -73.8471, -73.7916, -73.975, -73.9841, -73.9671, -73.9408, -73.9864, -73.95100000000001, -73.9582, -73.9999, -73.9925, -73.9928, -73.9939, -74.1785, -73.9951, -73.9821, -73.9553, -73.995, -73.9881, -73.9906, -73.9528, -74.0094, -73.9957, -73.987, -73.9838, -73.9898, -73.9696, -73.9545, -73.9784, -73.9623, -73.982, -73.855, -73.9647, -73.9601, -73.9922, -73.9771, -73.7854, -73.9948, -73.9876, -74.0087, -73.9868, -74.0073, -73.969, -73.9862, -73.9965, -74.0088, -73.977, -73.9701, -73.9586, -73.9854, -74.0046, -74.0089, -74.0168, -73.9838, -74.0142, -73.8747, -73.9804, -73.9749, -73.9841, -74.0051, -73.9127, -74.0146, -73.9819, -73.9793, -73.9509, -73.9424, -73.986, -73.9494, -73.9974, -73.9603, -73.9731, -73.9037, -73.9838, -73.9799, -74.001, -73.9565, -73.9887, -73.9602, -73.9877, -73.926, -73.7896, -73.9072, -73.9821, -73.9494, -74.0004, -74.0034, -73.9713, -73.955, -73.9805, -73.9993, -73.9484, -73.9807, -74.0067, -73.8627, -73.9782, -74.0055, -73.9522, -73.983, -73.9818, -73.9572, -74.0101, -73.9796, -73.949, -73.9852, -74.0154, -74.0089, -73.9705, -73.9569, -73.9024, -73.9823, -73.9309, -73.9827, -73.9908, -73.9372, -73.9993, -73.9903, -73.9744, -73.9896, -73.7767, -73.9842, -73.943, -73.9706, -73.994, -73.9592, -73.98899999999999, -73.9821, -73.9745, -74.0759, -73.7821, -73.9319, -73.9407, -74.0063, -73.9183, -73.9815, -73.9746, -74.001, -73.9817, -74.0063, -73.9285, -73.9522, -73.9787, -73.9835, -73.9263, -74.0057, -73.9906, -73.9566, -73.984, -73.97399999999999, -74.0107, -73.9982, -73.98, -74.0155, -74.0043, -73.9948, -73.9842, -73.9732, -73.9806, -73.9752, -73.98899999999999, -73.9972, -74.0121, -73.9796, -74.0053, -73.9817, -73.988, -74.0398, -73.9895, -73.9574, -73.9599, -73.9799], "t": []}